[
  {
    "signatures": [
      {
        "signature": "sha256:eb0ca9bdd938f80711152a758d6bc331a8b0d769199d457294dc67ed03f73498",
        "filename": "log4j-api-2.0-beta9.jar"
      },
      {
        "signature": "sha256:107d11509f6af59b8c2ba23df828bc5d3c4e067b58f3d858c7deb90ca5308f84",
        "filename": "librarylwjglopenal-20100824.jar"
      },
      {
        "signature": "sha256:64335a48be6b142a7d0c13ec5c82a707857aa58c0234e6eda3eaca0e96eea51b",
        "filename": "jopt-simple-4.5.jar"
      },
      {
        "signature": "sha256:ec43582b61083b81e047a4e1c2f709a2a75f0fd4b9d75305eb26991531dd046d",
        "filename": "LibSandstone-1.0.0.jar"
      },
      {
        "signature": "sha256:c5f93519168f95e78bceaafbc8cd5a9a083e0d70d5ece07289f32941a6295017",
        "filename": "natura-1.7.10-2.2.0.1.jar"
      },
      {
        "signature": "sha256:534313028fe05f39cffee217f385e222cf17ed258a95292d25982248f20d0193",
        "filename": "fastcraft-1.21.jar"
      },
      {
        "signature": "sha256:b0bd32bc1c5e0d6231384991b67948b535895bbb6bfd2c2b81cd98a4712db180",
        "filename": "ThermalDynamics-[1.7.10]1.1.0-161.jar"
      },
      {
        "signature": "sha256:64c3169b94af1da3039128a421932801bef800453773f819c30c70a7df82ea10",
        "filename": "AOBD-2.8.4.jar"
      },
      {
        "signature": "sha256:8b40ac37cc6e7fab6af682996a91748266d436b9faed97830975780423fb4bbe",
        "filename": "EnderCore-1.7.10-0.2.0.31_beta.jar"
      },
      {
        "signature": "sha256:bfb3d413e67222c146a82e0e53a96024424c50a543655bbe0e4395a16046b4ff",
        "filename": "BiblioWoods[Natura][v1.5].jar"
      },
      {
        "signature": "sha256:711b4c493e893b0e25f10d6455ada8f038c2fb41f0898e819f37d05608a2e292",
        "filename": "warpbook-1.7.10_2.0.36.jar"
      },
      {
        "signature": "sha256:3b2ce5adf0f16164cfb40d53e0ddec272fa5d7d670a2a4649298def916316774",
        "filename": "scala-swing_2.11-1.0.1.jar"
      },
      {
        "signature": "sha256:ee7840eb553b850bdb32ed5be6194936f02f2cb2c9b915e4996312ec4a812588",
        "filename": "EJML-core-0.26.jar"
      },
      {
        "signature": "sha256:ed455491a620e57643b3aceaf41b7c0fdf5debb33c9be9ed74824a0c09546597",
        "filename": "EnderIO-1.7.10-2.3.0.421_beta.jar"
      },
      {
        "signature": "sha256:a300fcf2c43ab26eb1eb380a13efdcc6c1c46f0a502da219a4b58337df52ef7b",
        "filename": "ironchest-1.7.10-6.0.62.742-universal.jar"
      },
      {
        "signature": "sha256:05ae8f11b8f9012ebebbf179227b010829739c6284e30da5dd3db220ee682f8a",
        "filename": "Baubles-1.7.10-1.0.1.10.jar"
      },
      {
        "signature": "sha256:131f0519a8e4602e47cf024bfd7e0834bcf5592a7207f9a2fdb711d4f5afc166",
        "filename": "commons-lang3-3.1.jar"
      },
      {
        "signature": "sha256:92ce3e50998378a730c5a625b2abd542bc6a2dffa8531e896d237676e9a6d018",
        "filename": "ThaumicTinkerer-2.5-1.7.10-517.jar"
      },
      {
        "signature": "sha256:6badba74bb358a82fac5ec2aefc736ac53ac3391932f5c42874c53d39948601d",
        "filename": "NetherOres-[1.7.10]2.3.0-12.jar"
      },
      {
        "signature": "sha256:4bf193e3b9a91bceef65e82f6a27ee5c050d29552ef7e1606f222a79571fc44e",
        "filename": "ChickenChunks-1.7.10-1.3.4.19-universal.jar"
      },
      {
        "signature": "sha256:44423d7c43bde9274e1dbc1b00d6bd14ec7cb2572326eeefa9c6dd6fab47930b",
        "filename": "Waila-1.5.10_1.7.10.jar"
      },
      {
        "signature": "sha256:50762898f874138c9f42d6a2914af3590bed3a2ac0e95650fcdc189c9255de69",
        "filename": "industrialcraft-2-2.2.808-experimental.jar"
      },
      {
        "signature": "sha256:b9d3b69390b4c801fe62262c4542fc5ad3b114203d7083d974d1b8b4a20a4d1e",
        "filename": "InventoryTweaks-1.59-dev-156.jar"
      },
      {
        "signature": "sha256:d1be0496c3f7414455ab3f40386f218c793988dd7615385cd461b47a54b021ea",
        "filename": "AttachableGrinder-4.0.0.jar"
      },
      {
        "signature": "sha256:eda03c0c76118094ae54dfcec024e34b53e523acb5c6889f091a4509471afc04",
        "filename": "Mantle-1.7.10-0.3.2b.jar"
      },
      {
        "signature": "sha256:e79ac392c04f26f603ec2c39c244cc3d60ad722c5b9015f91b029a39e510d9b9",
        "filename": "NotEnoughItems-1.7.10-1.0.5.118-universal.jar"
      },
      {
        "signature": "sha256:ca827e02bcffce49457d6580b0156bd8306b48b5025747b1451f468425e39e55",
        "filename": "scala-library-2.11.1.jar"
      },
      {
        "signature": "sha256:b43f1fe68fa9b2fe12079ffca56a4b094c2f1c22069cd3045eec4bc829d41db5",
        "filename": "ProjectRed-1.7.10-4.7.0pre9.92-Compat.jar"
      },
      {
        "signature": "sha256:9801510879a282e4f7f2e5b36cd90e829be6b9be5ac86e2f14bce3d434930d03",
        "filename": "MicdoodleCore-1.7-3.0.12.404.jar"
      },
      {
        "signature": "sha256:b3770ec1f65b975d2fc32e52e3fac6d0f8f4e505130d8050ce32b1b585c49050",
        "filename": "Forbidden Magic-1.7.10-0.57.jar"
      },
      {
        "signature": "sha256:580a1b0006d9782c88590cca31d8b1fc0e09cf131007d2a46ca1f7e02d111a0f",
        "filename": "logisticspipes-0.9.3.70.jar"
      },
      {
        "signature": "sha256:869863becb49a66bf23a15cc3c4c92b5e2a20487335776bdf9980f6bd0e4e106",
        "filename": "scala-compiler-2.11.1.jar"
      },
      {
        "signature": "sha256:58ab46d5652dcbb9a916d44fb6f531b06d5e2fb5dfe5892429f87e56b3e7f807",
        "filename": "ThermalExpansion-[1.7.10]4.0.3B1-218.jar"
      },
      {
        "signature": "sha256:f6d46cab24cea6bf6d58e2fb004944189e363ca604a1a1545788dd49a9e7ec03",
        "filename": "NotEnoughResources-1.7.10-0.1.0-121.jar"
      },
      {
        "signature": "sha256:4a0d192a34e7ef3e7af039f64dc6426bd0a5a343aae4dd1107b2043a616a77f7",
        "filename": "CodeChickenLib-1.7.10-1.1.3.138-universal.jar"
      },
      {
        "signature": "sha256:59465c0bbd970ad187489baaa75f24d88670d875ac065c7be6ca6842701f344d",
        "filename": "buildcraft-7.1.14.jar"
      },
      {
        "signature": "sha256:80ad40ab3f5285c0b822e1aa642e87cc5f90201ea7fec88e98b7afe6672920a5",
        "filename": "Railcraft_1.7.10-9.8.0.0.jar"
      },
      {
        "signature": "sha256:cc6a41dc3eaacc9e440a6bd0d2890b20d36b4ee408fe2d67122f328bb6e01581",
        "filename": "commons-io-2.4.jar"
      },
      {
        "signature": "sha256:3d1527c54e84dc8ae2f7d1109e646420e82bd3b09a811641f1f9a810c46c5f93",
        "filename": "CodeChickenCore-1.7.10-1.0.7.47-universal.jar"
      },
      {
        "signature": "sha256:c118f8d84313980f79e1e7f7ae4b14b10c2f20c77ea4a1c29f6f0b02bc139077",
        "filename": "lwjgl-2.9.1.jar"
      },
      {
        "signature": "sha256:a12287b6835c818bb8460c2419d045bf761b424da4fb89b36806a2f51edc225b",
        "filename": "ForgeRelocation-1.7.10-0.0.1.4-universal.jar"
      },
      {
        "signature": "sha256:b8ef3cec785d5221af9a9234dc42971bac70b6050ca44446a0b915a1851b4953",
        "filename": "TMechworks-1.7.10-0.2.14.100.jar"
      },
      {
        "signature": "sha256:8a6a8a6f77c1a4fc1769bf4370c5a7cdd745593b951657843ffdcdf20ff90c0c",
        "filename": "Jabba-1.2.1a_1.7.10.jar"
      },
      {
        "signature": "sha256:7a34575770eebc60a5476616e3676a6cb6f2975c78c415e2a6014ac724ba5783",
        "filename": "guava-15.0.jar"
      },
      {
        "signature": "sha256:3c0a9453505de7931b71a0cf9555a67e77c081067e66dbc85482f700b0186d2b",
        "filename": "config-1.2.1.jar"
      },
      {
        "signature": "sha256:d7116764c7bb72d04f836fb928c06b01acb5a721f0350784bc5f1cf4fc9b36b4",
        "filename": "CustomMobSpawner 3.3.0.zip"
      },
      {
        "signature": "sha256:abd02320e2356f89d054dae4cf02306bef20a9cf7865b3ac94ec7552b4f1528b",
        "filename": "httpcore-4.3.2.jar"
      },
      {
        "signature": "sha256:f11ec84f1bf899c49deb750d21c7c0d3e74a47e9480f155bb393ee0b3a1a5cb4",
        "filename": "scala-continuations-library_2.11-1.0.2.jar"
      },
      {
        "signature": "sha256:f921abc9c792f594f7fc6fc06b4a7ea330b646ea5ed3785e3589f90b16b2aad1",
        "filename": "twitch-5.16.jar"
      },
      {
        "signature": "sha256:d66784c42bd94867fbc990e212d5c334ae2439d6b7e9a856196b348b6591cee2",
        "filename": "Hats-4.0.1.jar"
      },
      {
        "signature": "sha256:32d7e73005a2dc0ccc3c62470c435b351f6501de8e8718e26960534754570a77",
        "filename": "lwjgl_util-2.9.1.jar"
      },
      {
        "signature": "sha256:333bbefeff5eb1722dc9b8d2e26c38bc69c1efa07d0ca870480f29d8858aa336",
        "filename": "libraryjavasound-20101123.jar"
      },
      {
        "signature": "sha256:5fca136503f86ecc6cb61fbd17b137d59e56b45c7a5494e6b8fd3cabd4697fbd",
        "filename": "commons-compress-1.8.1.jar"
      },
      {
        "signature": "sha256:9844cc9b5440d65a88d28bcba9d771374d2dfdab898848cda164611091633013",
        "filename": "httpclient-4.3.3.jar"
      },
      {
        "signature": "sha256:9d22a1b958cdf8f09fb8eeb0654c085abb7deea4c1a2405177bd50bb9a3e4820",
        "filename": "[1.7.10]ArmorStatusHUD-client-1.28.jar"
      },
      {
        "signature": "sha256:3c8616203d61a12a7e3487e8b34f3c198c2b5ba9e90da0c7ea32d99cd4958012",
        "filename": "trove4j-3.0.3.jar"
      },
      {
        "signature": "sha256:e057557a9a6efd40f2b2dab0774434f72f32390e9f6044d4f49eadda2fdb972a",
        "filename": "AdvancedMachinesAS-1.7.10.jar"
      },
      {
        "signature": "sha256:1733def8e5e0576af6ac3f8b69cce5081f98485f50670050e03a9b9439b7e2ae",
        "filename": "PiP-4.0.0-client.jar"
      },
      {
        "signature": "sha256:6ee564b18447a9953496401bc6d63fbd937429f0b44573913360a6b535566ab3",
        "filename": "ExtraCells-1.7.10-2.3.3b162.jar"
      },
      {
        "signature": "sha256:c3334ff39cf0ab3b54925619101054c90098b7c733b1e7834c7b75e4c41e84a5",
        "filename": "jutils-1.0.0.jar"
      },
      {
        "signature": "sha256:4118ce17f1599b607752b5a945ed841133953c70d8616323cda6c63abe4ed66d",
        "filename": "mod_voxel_4.1.4_mc1.7.10.litemod"
      },
      {
        "signature": "sha256:8988e2b7e3caccfcbca59d7272d0020ac29c33c8ad679450d23ea27eb6d0e1f0",
        "filename": "[1-7-10]_Lucky_Block_v5-1-0.jar"
      },
      {
        "signature": "sha256:a985c0712e195bef958d94fb74e3f5132398caa46a1b727faeda9baad6ab8784",
        "filename": "twilightforest-1.7.10-2.3.7.jar"
      },
      {
        "signature": "sha256:6a06ed9bd528e67e733eae02912fa4c25b525d3766cf932c5223c1949342eaf7",
        "filename": "ForgeRelocationFMP-1.7.10-0.0.1.2-universal.jar"
      },
      {
        "signature": "sha256:231a8fbffba0980af44471dd8801190375462e2d5a4331a071ba7b823810147d",
        "filename": "INpureCore-[1.7.10]1.0.0B9-62.jar"
      },
      {
        "signature": "sha256:3dba9786966974701578a658d1bb369bf35bdf5f363079f5ac9c4910a39113be",
        "filename": "Thaumcraft-1.7.10-4.2.3.5.jar"
      },
      {
        "signature": "sha256:57f402b626d16cc2705bf2a37add7adbb074f0ca3b3102fa6e23aa303dae682f",
        "filename": "launchwrapper-1.12.jar"
      },
      {
        "signature": "sha256:88e1314554b9fb24356d6629b65512c0080c80ae98d9bb275ebdf299ab13241b",
        "filename": "[1.7.10]Treecapitator-universal-2.0.4.jar"
      },
      {
        "signature": "sha256:a718bc2c11e58cc92a8ad96d5c56b34c60b6176322b3dee8eff0f6e581877ec5",
        "filename": "TConstruct-1.7.10-1.8.8.jar"
      },
      {
        "signature": "sha256:a03882585e5917faf6e1606992fb025269aa5b605e43ed35eae017ea31860feb",
        "filename": "DrZharks MoCreatures Mod v6.3.1.zip"
      },
      {
        "signature": "sha256:c8fa3752a3cdf9364a85ee363f49a666eb53efeb6ace6166e5474df616749d08",
        "filename": "Galacticraft-Planets-1.7-3.0.12.404.jar"
      },
      {
        "signature": "sha256:35e007551dc19dbcded8a0476e0cff20d34b42f4b71273772ac1b8382dd245c2",
        "filename": "iChunUtil-4.2.2.jar"
      },
      {
        "signature": "sha256:6c4b4e50e608763564afa1bde2d25ece9dd715e7c9129540faa1faded4896506",
        "filename": "codecjorbis-20101023.jar"
      },
      {
        "signature": "sha256:8c36a80ea613d0b6b8040a17cf837c5bbe3677bc1b06a058a6c174fdb787ebbc",
        "filename": "guava-17.0.jar"
      },
      {
        "signature": "sha256:0c3085cb93c3ef95d731c274b6f2dd195aa0405fe9328d69cab7f5e899d5e124",
        "filename": "lzma-0.0.1.jar"
      },
      {
        "signature": "sha256:e00abf1f9eb506ea94ecb892062760a10f71e8de8cc9144f936cc5f67de5f160",
        "filename": "AsieLib-1.7.10-0.4.5.jar"
      },
      {
        "signature": "sha256:c4aa12a84cd7fb3b5a3cceff3c94a2e5d59626a8ae169223e04525786ab0363d",
        "filename": "lib_voxellib_2.3.1_mc1.7.10-client.litemod"
      },
      {
        "signature": "sha256:838798efd7d1355054b5caac17f390a405b153c1598e18b342a24f72877cdfe2",
        "filename": "BiblioWoods[BiomesOPlenty][v1.9].jar"
      },
      {
        "signature": "sha256:cfb20883725c6ed1dccbff111a3a8dc71215c6ba57c023ad447b84180e625ab4",
        "filename": "statues-1.7.10-2.1.4.jar"
      },
      {
        "signature": "sha256:e574d5161c6016bf16b887f40ad58559817f1c1d4aac11e1fd38e72419c8158e",
        "filename": "ProjectRed-1.7.10-4.7.0pre9.92-Mechanical.jar"
      },
      {
        "signature": "sha256:45e268214f7c3e3b4dc5c2b1db57f14e2b1190e09a752061d98186f6c517fe27",
        "filename": "akka-actor_2.11-2.3.3.jar"
      },
      {
        "signature": "sha256:1847466de12714ffe137b94c9761f9b16e74325f223d2df33982407c2f5f15e9",
        "filename": "Fossils_Archeology_Revival-1.7.10_Build-7.2.1.jar"
      },
      {
        "signature": "sha256:8e321db51d95233784ad19ea592c9fb79ff3c01ccd091329a5bd70a47bec9c0f",
        "filename": "NEIIntegration-MC1.7.10-1.1.0.jar"
      },
      {
        "signature": "sha256:cc72f38535b8a41c39a631da4bc05ca338fb3c9f96700b9194a6a31741bd9bc2",
        "filename": "HatStand-4.0.0.jar"
      },
      {
        "signature": "sha256:759201caf51f5ba789a7343180cc831939a3c344e9016b7138d841d5e030433d",
        "filename": "MrTJPCore-1.1.0.31-universal.jar"
      },
      {
        "signature": "sha256:dc3d3f4774a56f262485855bef2f5a5a78f5f5f89ba3af8595d047d533fd906f",
        "filename": "scala-continuations-plugin_2.11.1-1.0.2.jar"
      },
      {
        "signature": "sha256:09a5dae689d48fde66cae9108250fde903b42a6699a03ebf19dd462357fd812b",
        "filename": "CoFHCore-[1.7.10]3.0.3-303.jar"
      },
      {
        "signature": "sha256:dc74b915f46fc35f6a925af3e1331f9c817187cd98bae78d36f934d4456b980f",
        "filename": "ProjectRed-1.7.10-4.7.0pre9.92-Lighting.jar"
      },
      {
        "signature": "sha256:c023c00cd531887b45c8d2650559159510a192fc0f016f769b1cc492d8c47810",
        "filename": "[1.7.10]bspkrsCore-universal-6.16.jar"
      },
      {
        "signature": "sha256:4d43b19a43f7bea835bec0846ebf461c980072445abef713a942ca1e26465416",
        "filename": "OpenModsLib-1.7.10-0.8.jar"
      },
      {
        "signature": "sha256:b9d98ea8dc96ebf2df21bf6f363dadf95941671037c5cb7257f8dbe481f8d755",
        "filename": "buildcraft-compat-7.1.3.jar"
      },
      {
        "signature": "sha256:d39e6c8fc27709b04d58ec4c1b625648776dbf01cdf7af2d51388ee215d5d4e8",
        "filename": "thaumcraftneiplugin-1.7.10-1.7a-client.jar"
      },
      {
        "signature": "sha256:a8ced4924d0e285ab287d94889e9920f855b9e13ef42e1c7468377b3c13bdb2b",
        "filename": "realms-1.3.5.jar"
      },
      {
        "signature": "sha256:ad19d2601c3abf0b946b5c3a4113e226a8c1e3305e395b90013b78dd94a723ce",
        "filename": "commons-codec-1.9.jar"
      },
      {
        "signature": "sha256:bb7d17b340afe6abdfbfdaa03683bce4aef39a64887dbab0636eaff3cf2d59ba",
        "filename": "codecwav-20101023.jar"
      },
      {
        "signature": "sha256:2882d64550240dd0c026724da664d9f97ef205c91d6a85273d10790d88608f34",
        "filename": "soundsystem-20120107.jar"
      },
      {
        "signature": "sha256:b6c9e89f28a8c50eb23ec8125cdad82c882f62ed43aa61c570122889f1ac1cfd",
        "filename": "forge-1.7.10-10.13.4.1558-1.7.10.jar"
      },
      {
        "signature": "sha256:5e4e10114f2e234dfde8548e84066a7a1d3ec1583c1137b80cc718584a8250b8",
        "filename": "BiblioCraft[v1.11.4][MC1.7.10].jar"
      },
      {
        "signature": "sha256:3b8af893c22fc9d0a2c8e66923bceecc7835ca851f1859fedc304568931c3ae5",
        "filename": "neiaddons-1.12.14.40-mc1.7.10.jar"
      },
      {
        "signature": "sha256:caeea37365bca587a643a738ee4e99b708c8ac8cb56a3a5eca622b6bbcd12ff5",
        "filename": "ThermalFoundation-[1.7.10]1.2.0-102.jar"
      },
      {
        "signature": "sha256:cdd5d71b919c9c433c5b770f0ff2e721903c0bd4bbba773d7d2d64035bb30fab",
        "filename": "bdlib-1.9.4.109-mc1.7.10.jar"
      },
      {
        "signature": "sha256:9dd1abf66e3c669e2077c322989467c802e4392541e5eda168a286eed18f8297",
        "filename": "MrCrayfishFurnitureModv3.4.8(1.7.10).jar"
      },
      {
        "signature": "sha256:5fca136503f86ecc6cb61fbd17b137d59e56b45c7a5494e6b8fd3cabd4697fbd",
        "filename": "commons-compress-1.8.1.jar"
      },
      {
        "signature": "sha256:e1a065e56d74a2bc6db90865ea6e3a4124d3c1ba4be5b5da6acb395ffc732d5b",
        "filename": "CompactSolars-1.7.10-4.4.39.315-universal.jar"
      },
      {
        "signature": "sha256:d1b52e239945484cc7839557e11aa63ca0fb4d28b24a3ca711c865f2433fbc93",
        "filename": "WailaHarvestability-mc1.7.10-1.1.5.jar"
      },
      {
        "signature": "sha256:79e3f4bc69bf55f0f9155edc86b2e3918aa7dec69c90d0116f53969ec0406a6b",
        "filename": "GalacticraftCore-1.7-3.0.12.404.jar"
      },
      {
        "signature": "sha256:5b5776581d2576c2d6d26b0106026c3f3965a00be23501e539caceb79cd86c7c",
        "filename": "MineFactoryReloaded-CompatMagicalCrops.jar"
      },
      {
        "signature": "sha256:353ab1156cb34e08329624ae98ae19e31315558a0e28e9b5d2f520c70a8a799d",
        "filename": "IvToolkit-1.2.jar"
      },
      {
        "signature": "sha256:ce7a9c86ebebf30b89929026f4a0a3c58ce0f4d47937d6dc086ae4fd0c77544a",
        "filename": "authlib-1.5.21.jar"
      },
      {
        "signature": "sha256:851278ead38f2068f52fe3a88a0e5247caa0e67fea3ed27af9250ebbd87ff74c",
        "filename": "NoMoreRecipeConflict-0.2(1.7.10).jar"
      },
      {
        "signature": "sha256:a1941ee4d4b965c4d2ddc6ec0e0b1eb3f3ff8c8b492a18a25b5fcf27c67ba58b",
        "filename": "extrautilities-1.2.12.jar"
      },
      {
        "signature": "sha256:dcde6033b205433d6e9855c93740f798951fa3a3f252035a768d9f356fde806d",
        "filename": "log4j-core-2.0-beta9.jar"
      },
      {
        "signature": "sha256:8f6afcd200de1facfbb0faf1cb50bf058e763641fcc9ca4c82da4918c9f47b44",
        "filename": "scala-xml_2.11-1.0.2.jar"
      },
      {
        "signature": "sha256:a7bb2621b3c49151f33a751460c8a911faaf3d3f4bb2953f04361b09c0b9d963",
        "filename": "scala-parser-combinators_2.11-1.0.1.jar"
      },
      {
        "signature": "sha256:a82305b4f159a09bb70b36fec23250d8056318ef6efe5160397af3075b931804",
        "filename": "roguelike-1.7.10-1.3.6.3.jar"
      },
      {
        "signature": "sha256:366c958d7bf0bfd7446222a75312e795686f0ee8a30396eb8ff566bf825391dd",
        "filename": "RenderPlayerAPI-1.7.10-1.4-client.jar"
      },
      {
        "signature": "sha256:fc35dc5886da434e11be07d923baa16741bc0d7ea0d81fb9989aa8ea96fd0143",
        "filename": "backpack-2.0.1-1.7.x.jar"
      },
      {
        "signature": "sha256:ad19d2601c3abf0b946b5c3a4113e226a8c1e3305e395b90013b78dd94a723ce",
        "filename": "commons-codec-1.9.jar"
      },
      {
        "signature": "sha256:ac85715fdf40a162d4b360b962a14d64a373535d002c04e4b24dfa51aeaa4b01",
        "filename": "ThaumicExploration-1.7.10-1.1-53.jar"
      },
      {
        "signature": "sha256:ecc6154bc6bf9d8aa03f5a515bf4e8ec500f77bf27c10269af32ec949b0266fe",
        "filename": "HardcoreEnderExpansion  MC-1.7.10  v1.8.4.jar"
      },
      {
        "signature": "sha256:391c36b48c4737b688b36d931da606b7ae890f60a031d326547c0bb3461536f9",
        "filename": "OpenBlocks-1.7.10-1.4.4.jar"
      },
      {
        "signature": "sha256:35e9c42e04828b36eb8a4c279c923cde487fb3fb18794991b19c559a18509356",
        "filename": "WAILAPlugins-MC1.7.10-0.2.0-23.jar"
      },
      {
        "signature": "sha256:50b9df8c41ce1298446cadf0fc2492b58f4ffde251285a167d788ca6826fba0c",
        "filename": "MineFactoryReloaded-[1.7.10]2.8.0-104.jar"
      },
      {
        "signature": "sha256:d8cb6b4cdfac3821d08937b103554fc1c7ccb91ce27302a4d59163eed1987072",
        "filename": "scala-reflect-2.11.1.jar"
      },
      {
        "signature": "sha256:450b07bfd927030039c5e9576eec8ad68dce70335d711df108f0b135388d388a",
        "filename": "RadixCore-1.7.10-2.1.1-universal.jar"
      },
      {
        "signature": "sha256:6ff759efc10f9ea0deabb4aed7c1f61408d9bb9bce278949544c0a613f7ae4c8",
        "filename": "ForgeMultipart-1.7.10-1.2.0.345-universal.jar"
      },
      {
        "signature": "sha256:56119f66a6771190bb2900bb655eca47ad046426c0e0f516363e2dffaa3c9bff",
        "filename": "MCA-1.7.10-5.1.1.2-universal.jar"
      },
      {
        "signature": "sha256:3687324b41924dd7575a12dd28942b70340802fcf0bbc1bfae8b2372c373fa24",
        "filename": "scala-actors-migration_2.11-1.1.0.jar"
      },
      {
        "signature": "sha256:6b6f8693ad4fb4ce4de8de9a2bc9f8d5433f80b3e3bbdd227a1909c8c31ee938",
        "filename": "BloodMagic-1.7.10-1.3.3-17.jar"
      },
      {
        "signature": "sha256:b185813da8cbcae5b52f0b622756ca244afb5faaf8eb1e91236eceed1807681c",
        "filename": "Necromancy-1.7.10a.jar"
      },
      {
        "signature": "sha256:e8a27898e639dd93233f35a66f7c4109edc1bd7e5d4c621854b83a38c646b6dc",
        "filename": "ProjectRed-1.7.10-4.7.0pre9.92-Integration.jar"
      },
      {
        "signature": "sha256:147592c5eb8e11fc8394125954f877acf25918bae13aa210c2825aefc3030ed8",
        "filename": "icu4j-core-mojang-51.2.jar"
      },
      {
        "signature": "sha256:70903f6fc82e9908c8da9f20443f61d90f0870a312642991fe8462a0b9391784",
        "filename": "commons-logging-1.1.3.jar"
      },
      {
        "signature": "sha256:96eaa32232b5a5b0f9afc121a0e1b2416e3dca50657b31e5431c0a04ae650552",
        "filename": "netty-all-4.0.10.Final.jar"
      },
      {
        "signature": "sha256:a46d9a24cd195767cbaf3752ecebc9ecf5484c526dcc5b23d06431fdfcd1a259",
        "filename": "PlayerAPI-1.7.10-1.4.jar"
      },
      {
        "signature": "sha256:dbaa088690a23a954eff669a99d2452a24dd9f10d866725ff5d29ff4740a897e",
        "filename": "vecmath-1.3.1.jar"
      },
      {
        "signature": "sha256:8772f727448b8c68785331ae051cb5d80ac6ade14b36646eed101f621356b1b1",
        "filename": "OpenEye-0.6-1.7.10.jar"
      },
      {
        "signature": "sha256:09d44e6adddaab9fd89ea3164c439f71c755769fa8d3a940352ab3d2003b98ff",
        "filename": "asm-all-5.0.3.jar"
      },
      {
        "signature": "sha256:6b81d10754dadf184d386011486e6509c2cc0c3d33565ced4fb4402b9413d47d",
        "filename": "commons-lang3-3.3.2.jar"
      },
      {
        "signature": "sha256:29aa164560f646d5171c4fa50b7ffd36d94393bf527eb5479ad47bc972eb7a61",
        "filename": "TiCTooltips-mc1.7.10-1.2.5-client.jar"
      },
      {
        "signature": "sha256:a8b1209284c584a539f657bafc00c2bbb6cffb3bf06630f6f01fff977ea0b846",
        "filename": "EnderStorage-1.7.10-1.4.7.37-universal.jar"
      },
      {
        "signature": "sha256:0d5c679e23e9304355cbe7e3ababe0f8140c7f7d8fd2a29e45b985b9aac590e4",
        "filename": "appliedenergistics2-rv2-stable-10.jar"
      },
      {
        "signature": "sha256:a4fc2284657544e0f4bcc964f927c2fda3e3a205178ed1d5d58883aaf9780cce",
        "filename": "1.7.10.jar"
      },
      {
        "signature": "sha256:666bacf4b7f014cc6603a383bf3b43e93344545c88c76118720ac5f233551843",
        "filename": "ProjectRed-1.7.10-4.7.0pre9.92-Fabrication.jar"
      },
      {
        "signature": "sha256:79b5a4f5829e1a49a415711f7fb8eb5b9ad22defa72929fda2da96ec30d3f018",
        "filename": "jinput-2.0.5.jar"
      },
      {
        "signature": "sha256:ae8c7eaf9a4b73ed070f83f278ec2b7b183271f52d99bfc5f950f5ca74a807fd",
        "filename": "ProjectRed-1.7.10-4.7.0pre9.92-World.jar"
      },
      {
        "signature": "sha256:c0328cd07ca9e363a5acd00c1cf4afe8cf554bd6d373834981ba05cebec687fb",
        "filename": "gson-2.2.4.jar"
      },
      {
        "signature": "sha256:7305df9ad76f40347c6d2821501db48b80e3b90802c0df55496e3e81bdba7606",
        "filename": "ProjectRed-1.7.10-4.7.0pre9.92-Base.jar"
      },
      {
        "signature": "sha256:366093342441b5e49df844d5fc8056c42ed740c59bc71162bc0ac67841c7ccb3",
        "filename": "mod_voxelMap_1.5.17_for_1.7.10.litemod"
      },
      {
        "signature": "sha256:3120fd24c09ab9bc088cb9c1eb2065be86718608450fdbc27b5d371729a619cb",
        "filename": "netty-1.6.jar"
      }
    ],
    "addedSignatures": [
      "sha256:869863becb49a66bf23a15cc3c4c92b5e2a20487335776bdf9980f6bd0e4e106",
      "sha256:5b5776581d2576c2d6d26b0106026c3f3965a00be23501e539caceb79cd86c7c",
      "sha256:79b5a4f5829e1a49a415711f7fb8eb5b9ad22defa72929fda2da96ec30d3f018",
      "sha256:59465c0bbd970ad187489baaa75f24d88670d875ac065c7be6ca6842701f344d",
      "sha256:64335a48be6b142a7d0c13ec5c82a707857aa58c0234e6eda3eaca0e96eea51b",
      "sha256:e1a065e56d74a2bc6db90865ea6e3a4124d3c1ba4be5b5da6acb395ffc732d5b",
      "sha256:64c3169b94af1da3039128a421932801bef800453773f819c30c70a7df82ea10",
      "sha256:9d22a1b958cdf8f09fb8eeb0654c085abb7deea4c1a2405177bd50bb9a3e4820",
      "sha256:a03882585e5917faf6e1606992fb025269aa5b605e43ed35eae017ea31860feb",
      "sha256:45e268214f7c3e3b4dc5c2b1db57f14e2b1190e09a752061d98186f6c517fe27",
      "sha256:cdd5d71b919c9c433c5b770f0ff2e721903c0bd4bbba773d7d2d64035bb30fab",
      "sha256:ad19d2601c3abf0b946b5c3a4113e226a8c1e3305e395b90013b78dd94a723ce",
      "sha256:0c3085cb93c3ef95d731c274b6f2dd195aa0405fe9328d69cab7f5e899d5e124",
      "sha256:ae8c7eaf9a4b73ed070f83f278ec2b7b183271f52d99bfc5f950f5ca74a807fd",
      "sha256:c0328cd07ca9e363a5acd00c1cf4afe8cf554bd6d373834981ba05cebec687fb",
      "sha256:57f402b626d16cc2705bf2a37add7adbb074f0ca3b3102fa6e23aa303dae682f",
      "sha256:dc3d3f4774a56f262485855bef2f5a5a78f5f5f89ba3af8595d047d533fd906f",
      "sha256:0d5c679e23e9304355cbe7e3ababe0f8140c7f7d8fd2a29e45b985b9aac590e4",
      "sha256:3c8616203d61a12a7e3487e8b34f3c198c2b5ba9e90da0c7ea32d99cd4958012",
      "sha256:231a8fbffba0980af44471dd8801190375462e2d5a4331a071ba7b823810147d",
      "sha256:29aa164560f646d5171c4fa50b7ffd36d94393bf527eb5479ad47bc972eb7a61",
      "sha256:3b8af893c22fc9d0a2c8e66923bceecc7835ca851f1859fedc304568931c3ae5",
      "sha256:b0bd32bc1c5e0d6231384991b67948b535895bbb6bfd2c2b81cd98a4712db180",
      "sha256:bfb3d413e67222c146a82e0e53a96024424c50a543655bbe0e4395a16046b4ff",
      "sha256:b43f1fe68fa9b2fe12079ffca56a4b094c2f1c22069cd3045eec4bc829d41db5",
      "sha256:c5f93519168f95e78bceaafbc8cd5a9a083e0d70d5ece07289f32941a6295017",
      "sha256:cc6a41dc3eaacc9e440a6bd0d2890b20d36b4ee408fe2d67122f328bb6e01581",
      "sha256:c118f8d84313980f79e1e7f7ae4b14b10c2f20c77ea4a1c29f6f0b02bc139077",
      "sha256:ecc6154bc6bf9d8aa03f5a515bf4e8ec500f77bf27c10269af32ec949b0266fe",
      "sha256:e057557a9a6efd40f2b2dab0774434f72f32390e9f6044d4f49eadda2fdb972a",
      "sha256:ac85715fdf40a162d4b360b962a14d64a373535d002c04e4b24dfa51aeaa4b01",
      "sha256:e574d5161c6016bf16b887f40ad58559817f1c1d4aac11e1fd38e72419c8158e",
      "sha256:dbaa088690a23a954eff669a99d2452a24dd9f10d866725ff5d29ff4740a897e",
      "sha256:107d11509f6af59b8c2ba23df828bc5d3c4e067b58f3d858c7deb90ca5308f84",
      "sha256:70903f6fc82e9908c8da9f20443f61d90f0870a312642991fe8462a0b9391784",
      "sha256:8b40ac37cc6e7fab6af682996a91748266d436b9faed97830975780423fb4bbe",
      "sha256:4bf193e3b9a91bceef65e82f6a27ee5c050d29552ef7e1606f222a79571fc44e",
      "sha256:35e9c42e04828b36eb8a4c279c923cde487fb3fb18794991b19c559a18509356",
      "sha256:c023c00cd531887b45c8d2650559159510a192fc0f016f769b1cc492d8c47810",
      "sha256:92ce3e50998378a730c5a625b2abd542bc6a2dffa8531e896d237676e9a6d018",
      "sha256:6badba74bb358a82fac5ec2aefc736ac53ac3391932f5c42874c53d39948601d",
      "sha256:6ee564b18447a9953496401bc6d63fbd937429f0b44573913360a6b535566ab3",
      "sha256:d8cb6b4cdfac3821d08937b103554fc1c7ccb91ce27302a4d59163eed1987072",
      "sha256:56119f66a6771190bb2900bb655eca47ad046426c0e0f516363e2dffaa3c9bff",
      "sha256:d1be0496c3f7414455ab3f40386f218c793988dd7615385cd461b47a54b021ea",
      "sha256:6b81d10754dadf184d386011486e6509c2cc0c3d33565ced4fb4402b9413d47d",
      "sha256:3120fd24c09ab9bc088cb9c1eb2065be86718608450fdbc27b5d371729a619cb",
      "sha256:50b9df8c41ce1298446cadf0fc2492b58f4ffde251285a167d788ca6826fba0c",
      "sha256:88e1314554b9fb24356d6629b65512c0080c80ae98d9bb275ebdf299ab13241b",
      "sha256:ec43582b61083b81e047a4e1c2f709a2a75f0fd4b9d75305eb26991531dd046d",
      "sha256:d7116764c7bb72d04f836fb928c06b01acb5a721f0350784bc5f1cf4fc9b36b4",
      "sha256:450b07bfd927030039c5e9576eec8ad68dce70335d711df108f0b135388d388a",
      "sha256:79e3f4bc69bf55f0f9155edc86b2e3918aa7dec69c90d0116f53969ec0406a6b",
      "sha256:6ff759efc10f9ea0deabb4aed7c1f61408d9bb9bce278949544c0a613f7ae4c8",
      "sha256:3b2ce5adf0f16164cfb40d53e0ddec272fa5d7d670a2a4649298def916316774",
      "sha256:534313028fe05f39cffee217f385e222cf17ed258a95292d25982248f20d0193",
      "sha256:a718bc2c11e58cc92a8ad96d5c56b34c60b6176322b3dee8eff0f6e581877ec5",
      "sha256:b9d3b69390b4c801fe62262c4542fc5ad3b114203d7083d974d1b8b4a20a4d1e",
      "sha256:caeea37365bca587a643a738ee4e99b708c8ac8cb56a3a5eca622b6bbcd12ff5",
      "sha256:a1941ee4d4b965c4d2ddc6ec0e0b1eb3f3ff8c8b492a18a25b5fcf27c67ba58b",
      "sha256:3c0a9453505de7931b71a0cf9555a67e77c081067e66dbc85482f700b0186d2b",
      "sha256:50762898f874138c9f42d6a2914af3590bed3a2ac0e95650fcdc189c9255de69",
      "sha256:8e321db51d95233784ad19ea592c9fb79ff3c01ccd091329a5bd70a47bec9c0f",
      "sha256:09a5dae689d48fde66cae9108250fde903b42a6699a03ebf19dd462357fd812b",
      "sha256:f11ec84f1bf899c49deb750d21c7c0d3e74a47e9480f155bb393ee0b3a1a5cb4",
      "sha256:ca827e02bcffce49457d6580b0156bd8306b48b5025747b1451f468425e39e55",
      "sha256:4a0d192a34e7ef3e7af039f64dc6426bd0a5a343aae4dd1107b2043a616a77f7",
      "sha256:759201caf51f5ba789a7343180cc831939a3c344e9016b7138d841d5e030433d",
      "sha256:7305df9ad76f40347c6d2821501db48b80e3b90802c0df55496e3e81bdba7606",
      "sha256:711b4c493e893b0e25f10d6455ada8f038c2fb41f0898e819f37d05608a2e292",
      "sha256:a985c0712e195bef958d94fb74e3f5132398caa46a1b727faeda9baad6ab8784",
      "sha256:580a1b0006d9782c88590cca31d8b1fc0e09cf131007d2a46ca1f7e02d111a0f",
      "sha256:9dd1abf66e3c669e2077c322989467c802e4392541e5eda168a286eed18f8297",
      "sha256:09d44e6adddaab9fd89ea3164c439f71c755769fa8d3a940352ab3d2003b98ff",
      "sha256:a300fcf2c43ab26eb1eb380a13efdcc6c1c46f0a502da219a4b58337df52ef7b",
      "sha256:eda03c0c76118094ae54dfcec024e34b53e523acb5c6889f091a4509471afc04",
      "sha256:32d7e73005a2dc0ccc3c62470c435b351f6501de8e8718e26960534754570a77",
      "sha256:666bacf4b7f014cc6603a383bf3b43e93344545c88c76118720ac5f233551843",
      "sha256:bb7d17b340afe6abdfbfdaa03683bce4aef39a64887dbab0636eaff3cf2d59ba",
      "sha256:353ab1156cb34e08329624ae98ae19e31315558a0e28e9b5d2f520c70a8a799d",
      "sha256:b9d98ea8dc96ebf2df21bf6f363dadf95941671037c5cb7257f8dbe481f8d755",
      "sha256:9844cc9b5440d65a88d28bcba9d771374d2dfdab898848cda164611091633013",
      "sha256:b3770ec1f65b975d2fc32e52e3fac6d0f8f4e505130d8050ce32b1b585c49050",
      "sha256:ed455491a620e57643b3aceaf41b7c0fdf5debb33c9be9ed74824a0c09546597",
      "sha256:e79ac392c04f26f603ec2c39c244cc3d60ad722c5b9015f91b029a39e510d9b9",
      "sha256:c3334ff39cf0ab3b54925619101054c90098b7c733b1e7834c7b75e4c41e84a5",
      "sha256:cc72f38535b8a41c39a631da4bc05ca338fb3c9f96700b9194a6a31741bd9bc2",
      "sha256:366093342441b5e49df844d5fc8056c42ed740c59bc71162bc0ac67841c7ccb3",
      "sha256:eb0ca9bdd938f80711152a758d6bc331a8b0d769199d457294dc67ed03f73498",
      "sha256:4118ce17f1599b607752b5a945ed841133953c70d8616323cda6c63abe4ed66d",
      "sha256:7a34575770eebc60a5476616e3676a6cb6f2975c78c415e2a6014ac724ba5783",
      "sha256:391c36b48c4737b688b36d931da606b7ae890f60a031d326547c0bb3461536f9",
      "sha256:a4fc2284657544e0f4bcc964f927c2fda3e3a205178ed1d5d58883aaf9780cce",
      "sha256:ee7840eb553b850bdb32ed5be6194936f02f2cb2c9b915e4996312ec4a812588",
      "sha256:b185813da8cbcae5b52f0b622756ca244afb5faaf8eb1e91236eceed1807681c",
      "sha256:cfb20883725c6ed1dccbff111a3a8dc71215c6ba57c023ad447b84180e625ab4",
      "sha256:fc35dc5886da434e11be07d923baa16741bc0d7ea0d81fb9989aa8ea96fd0143",
      "sha256:abd02320e2356f89d054dae4cf02306bef20a9cf7865b3ac94ec7552b4f1528b",
      "sha256:d39e6c8fc27709b04d58ec4c1b625648776dbf01cdf7af2d51388ee215d5d4e8",
      "sha256:5fca136503f86ecc6cb61fbd17b137d59e56b45c7a5494e6b8fd3cabd4697fbd",
      "sha256:dc74b915f46fc35f6a925af3e1331f9c817187cd98bae78d36f934d4456b980f",
      "sha256:35e007551dc19dbcded8a0476e0cff20d34b42f4b71273772ac1b8382dd245c2",
      "sha256:a46d9a24cd195767cbaf3752ecebc9ecf5484c526dcc5b23d06431fdfcd1a259",
      "sha256:ce7a9c86ebebf30b89929026f4a0a3c58ce0f4d47937d6dc086ae4fd0c77544a",
      "sha256:6a06ed9bd528e67e733eae02912fa4c25b525d3766cf932c5223c1949342eaf7",
      "sha256:5e4e10114f2e234dfde8548e84066a7a1d3ec1583c1137b80cc718584a8250b8",
      "sha256:80ad40ab3f5285c0b822e1aa642e87cc5f90201ea7fec88e98b7afe6672920a5",
      "sha256:1847466de12714ffe137b94c9761f9b16e74325f223d2df33982407c2f5f15e9",
      "sha256:dcde6033b205433d6e9855c93740f798951fa3a3f252035a768d9f356fde806d",
      "sha256:3d1527c54e84dc8ae2f7d1109e646420e82bd3b09a811641f1f9a810c46c5f93",
      "sha256:4d43b19a43f7bea835bec0846ebf461c980072445abef713a942ca1e26465416",
      "sha256:8772f727448b8c68785331ae051cb5d80ac6ade14b36646eed101f621356b1b1",
      "sha256:a8ced4924d0e285ab287d94889e9920f855b9e13ef42e1c7468377b3c13bdb2b",
      "sha256:131f0519a8e4602e47cf024bfd7e0834bcf5592a7207f9a2fdb711d4f5afc166",
      "sha256:a8b1209284c584a539f657bafc00c2bbb6cffb3bf06630f6f01fff977ea0b846",
      "sha256:3dba9786966974701578a658d1bb369bf35bdf5f363079f5ac9c4910a39113be",
      "sha256:1733def8e5e0576af6ac3f8b69cce5081f98485f50670050e03a9b9439b7e2ae",
      "sha256:3687324b41924dd7575a12dd28942b70340802fcf0bbc1bfae8b2372c373fa24",
      "sha256:a7bb2621b3c49151f33a751460c8a911faaf3d3f4bb2953f04361b09c0b9d963",
      "sha256:b6c9e89f28a8c50eb23ec8125cdad82c882f62ed43aa61c570122889f1ac1cfd",
      "sha256:147592c5eb8e11fc8394125954f877acf25918bae13aa210c2825aefc3030ed8",
      "sha256:8c36a80ea613d0b6b8040a17cf837c5bbe3677bc1b06a058a6c174fdb787ebbc",
      "sha256:333bbefeff5eb1722dc9b8d2e26c38bc69c1efa07d0ca870480f29d8858aa336",
      "sha256:e00abf1f9eb506ea94ecb892062760a10f71e8de8cc9144f936cc5f67de5f160",
      "sha256:6b6f8693ad4fb4ce4de8de9a2bc9f8d5433f80b3e3bbdd227a1909c8c31ee938",
      "sha256:44423d7c43bde9274e1dbc1b00d6bd14ec7cb2572326eeefa9c6dd6fab47930b",
      "sha256:b8ef3cec785d5221af9a9234dc42971bac70b6050ca44446a0b915a1851b4953",
      "sha256:a12287b6835c818bb8460c2419d045bf761b424da4fb89b36806a2f51edc225b",
      "sha256:8a6a8a6f77c1a4fc1769bf4370c5a7cdd745593b951657843ffdcdf20ff90c0c",
      "sha256:2882d64550240dd0c026724da664d9f97ef205c91d6a85273d10790d88608f34",
      "sha256:96eaa32232b5a5b0f9afc121a0e1b2416e3dca50657b31e5431c0a04ae650552",
      "sha256:851278ead38f2068f52fe3a88a0e5247caa0e67fea3ed27af9250ebbd87ff74c",
      "sha256:f921abc9c792f594f7fc6fc06b4a7ea330b646ea5ed3785e3589f90b16b2aad1",
      "sha256:838798efd7d1355054b5caac17f390a405b153c1598e18b342a24f72877cdfe2",
      "sha256:9801510879a282e4f7f2e5b36cd90e829be6b9be5ac86e2f14bce3d434930d03",
      "sha256:8988e2b7e3caccfcbca59d7272d0020ac29c33c8ad679450d23ea27eb6d0e1f0",
      "sha256:58ab46d5652dcbb9a916d44fb6f531b06d5e2fb5dfe5892429f87e56b3e7f807",
      "sha256:f6d46cab24cea6bf6d58e2fb004944189e363ca604a1a1545788dd49a9e7ec03",
      "sha256:c4aa12a84cd7fb3b5a3cceff3c94a2e5d59626a8ae169223e04525786ab0363d",
      "sha256:d1b52e239945484cc7839557e11aa63ca0fb4d28b24a3ca711c865f2433fbc93",
      "sha256:366c958d7bf0bfd7446222a75312e795686f0ee8a30396eb8ff566bf825391dd",
      "sha256:05ae8f11b8f9012ebebbf179227b010829739c6284e30da5dd3db220ee682f8a",
      "sha256:e8a27898e639dd93233f35a66f7c4109edc1bd7e5d4c621854b83a38c646b6dc",
      "sha256:8f6afcd200de1facfbb0faf1cb50bf058e763641fcc9ca4c82da4918c9f47b44",
      "sha256:6c4b4e50e608763564afa1bde2d25ece9dd715e7c9129540faa1faded4896506",
      "sha256:c8fa3752a3cdf9364a85ee363f49a666eb53efeb6ace6166e5474df616749d08",
      "sha256:a82305b4f159a09bb70b36fec23250d8056318ef6efe5160397af3075b931804",
      "sha256:d66784c42bd94867fbc990e212d5c334ae2439d6b7e9a856196b348b6591cee2"
    ],
    "removedSignatures": [],
    "workTime": 1667972.4,
    "language": "en_US",
    "locale": "es_AR",
    "timezone": "America/Buenos_Aires",
    "branding": [
      "Minecraft 1.7.10",
      "MCP v9.05",
      "FML v7.10.99.99",
      "Minecraft Forge 10.13.4.1558",
      "138 mods loaded, 138 mods active"
    ],
    "runtime": {
      "mcp": "MCP v9.05",
      "fml": "7.10.99.99",
      "forge": "10.13.4.1558"
    },
    "minecraft": "Minecraft 1.7.10",
    "javaVersion": "Oracle Corporation 1.8.0_211",
    "tags": [
      null,
      "BTP"
    ],
    "side": "client",
    "obfuscated": true,
    "type": "analytics"
  }
]